Turn,User_Message,Mode,HF_Label,IBM_Label,Final_Label,Bot_Response,Tokens_Used,Cost_USD,Response_Words,HF_joy,HF_sadness,HF_anger,HF_fear,HF_disgust,HF_surprise,IBM_joy,IBM_sadness,IBM_anger,IBM_fear,IBM_disgust,IBM_surprise,Merged_joy,Merged_sadness,Merged_anger,Merged_fear,Merged_disgust,Merged_surprise
1,I got some scary health news today. The doctor found something in my blood work that they want to investigate further.,1️⃣,fear,fear,fear,I'm really sorry to hear that you're facing this. It's completely normal to feel scared when you receive news like this. Do you want to talk about it more? I'm here to listen and support you through this.,102,3.4e-05,38,0.2935773432254791,0.07638297230005264,0.8850648999214172,0.9850572943687439,0,0.27766603231430054,0.040222,0.103167,0.081942,0.736983,0.014674,0,0.19223520593528748,0.08709658338003158,0.5638157399528504,0.8858275766212464,0.0058696,0.1665996193885803
1,I got some scary health news today. The doctor found something in my blood work that they want to investigate further.,2️⃣,fear,fear,fear,"I'm really sorry to hear that you're facing such unsettling news. It's completely understandable to feel scared and overwhelmed when it comes to health concerns. Waiting for more information can be incredibly tough. Please know that you're not alone in this; it's okay to feel how you're feeling right now. If you’d like to talk more about it or share what you're going through, I’m here to listen.",182,6.2e-05,68,0.2935773432254791,0.07638297230005264,0.8850648999214172,0.9850572943687439,0,0.27766603231430054,0.040222,0.103167,0.081942,0.736983,0.014674,0,0.19223520593528748,0.08709658338003158,0.5638157399528504,0.8858275766212464,0.0058696,0.1665996193885803
1,I got some scary health news today. The doctor found something in my blood work that they want to investigate further.,3️⃣,fear,fear,fear,"I’m really sorry to hear that you received unsettling news about your health. It’s completely understandable to feel anxious or worried in this situation. If you’d like to talk more about it or share your feelings, I’m here to listen and support you.",105,3.9e-05,43,0.2935773432254791,0.07638297230005264,0.8850648999214172,0.9850572943687439,0,0.27766603231430054,0.040222,0.103167,0.081942,0.736983,0.014674,0,0.19223520593528748,0.08709658338003158,0.5638157399528504,0.8858275766212464,0.0058696,0.1665996193885803
2,They're calling it a concern but won't tell me much until we do more tests. I hate this uncertainty.,1️⃣,anger,sadness,anger,"I can understand why you feel angry. Uncertainty can be incredibly frustrating, especially when it comes to your health. It’s tough to be left in the dark like that. If you want to talk about it more or share what you’re feeling, I'm here for you.",186,5.3e-05,46,0.12241856753826141,0.823458194732666,0.9801116585731506,0.8298330307006836,0,0.044064391404390335,0.006895,0.269,0.209478,0.232628,0.034985,0,0.07620914052295684,0.6016749168395996,0.6718581951438904,0.5909510184204101,0.013994000000000001,0.0264386348426342
2,They're calling it a concern but won't tell me much until we do more tests. I hate this uncertainty.,2️⃣,anger,sadness,anger,"I can really understand why you feel this way. Uncertainty can be incredibly unsettling, especially when it comes to your health. It’s frustrating to feel like you’re in the dark and waiting for answers. It’s completely natural to feel angry, scared, and sad about the situation. If you want to talk more about what you’re experiencing or any specific worries you have, I’m here for you. You're not alone in this.",298,8.4e-05,71,0.12241856753826141,0.823458194732666,0.9801116585731506,0.8298330307006836,0,0.044064391404390335,0.006895,0.269,0.209478,0.232628,0.034985,0,0.07620914052295684,0.6016749168395996,0.6718581951438904,0.5909510184204101,0.013994000000000001,0.0264386348426342
2,They're calling it a concern but won't tell me much until we do more tests. I hate this uncertainty.,3️⃣,anger,sadness,anger,"I can understand how frustrating and unsettling it must be to deal with uncertainty like this. It’s natural to feel anxious when you’re waiting for more information. If you need to talk about your feelings or if there's anything specific on your mind, I'm here to help you through this.",190,5.4e-05,50,0.12241856753826141,0.823458194732666,0.9801116585731506,0.8298330307006836,0,0.044064391404390335,0.006895,0.269,0.209478,0.232628,0.034985,0,0.07620914052295684,0.6016749168395996,0.6718581951438904,0.5909510184204101,0.013994000000000001,0.0264386348426342
3,"I've been trying to stay calm, but my mind keeps going to worst-case scenarios. What if it's something serious?",1️⃣,joy,sadness,joy,"It's completely understandable to feel that way. Our minds often jump to the worst-case scenarios, especially when we're faced with uncertainty. Try to remember that not everything we fear turns out to be the case. Focusing on staying calm and taking it one step at a time can really help. You're doing your best in a tough situation, and it's okay to seek support and talk about your worries.",295,7.9e-05,69,0.9924415349960327,0.2368125468492508,0.44340261816978455,0.5076064467430115,0,0.14791470766067505,0.099913,0.355336,0.077992,0.235241,0.027814,0,0.6354301209976196,0.2842219281095505,0.2972383709018707,0.3986602680458069,0.0111256,0.08874882459640503
3,"I've been trying to stay calm, but my mind keeps going to worst-case scenarios. What if it's something serious?",2️⃣,joy,sadness,joy,"It's completely understandable to have your mind jump to worst-case scenarios, especially when you're facing uncertainty like this. It can be really hard to stay calm when fears are swirling around in your head. Remember, though, that many health concerns can turn out to be less serious than we initially fear. It's okay to acknowledge those worries, but try to take things one step at a time. Focusing on what you can control, like preparing for the next steps and staying informed, might help ease some of that anxiety. I'm here for you through this, so feel free to share whatever you're feeling.",447,0.00012,103,0.9924415349960327,0.2368125468492508,0.44340261816978455,0.5076064467430115,0,0.14791470766067505,0.099913,0.355336,0.077992,0.235241,0.027814,0,0.6354301209976196,0.2842219281095505,0.2972383709018707,0.3986602680458069,0.0111256,0.08874882459640503
3,"I've been trying to stay calm, but my mind keeps going to worst-case scenarios. What if it's something serious?",3️⃣,joy,sadness,joy,"It's completely understandable to have those thoughts, especially in a situation filled with uncertainty. Worrying about worst-case scenarios is a natural response, but it can be really overwhelming. Try to remind yourself that many health concerns can have a range of possibilities, and not everything is as serious as it may seem. It’s okay to feel scared, and you’re not alone in this. Talking things through can sometimes help ease those worries. Would you like to discuss your concerns more?",316,9e-05,80,0.9924415349960327,0.2368125468492508,0.44340261816978455,0.5076064467430115,0,0.14791470766067505,0.099913,0.355336,0.077992,0.235241,0.027814,0,0.6354301209976196,0.2842219281095505,0.2972383709018707,0.3986602680458069,0.0111256,0.08874882459640503
4,The doctor mentioned scheduling a biopsy. Just hearing that word made everything feel real.,1️⃣,joy,sadness,joy,"It’s completely normal for things to feel more real when you hear specific terms like “biopsy.” That can bring up a mix of emotions. It’s a step toward understanding what’s going on, and while it might feel daunting, it also means you’re moving forward in the process. Remember, you’re not alone in this—there are people who want to help you through it. How are you feeling about taking this next step?",407,0.000101,71,0.9981508851051331,0.2216036170721054,0.08976034820079803,0.2112198919057846,0,0.46252939105033875,0.114433,0.456445,0.048928,0.33624,0.038701,0,0.6446637310630797,0.31554017024326325,0.07342740892047882,0.26122793514347076,0.0154804,0.27751763463020324
4,The doctor mentioned scheduling a biopsy. Just hearing that word made everything feel real.,2️⃣,joy,sadness,joy,"I can see how hearing the word ""biopsy"" would make everything feel more intense and real. It’s a big step, and it’s completely normal to feel a mix of emotions right now. This uncertainty can feel overwhelming, and it's natural to have fears about what this might mean. Just know that you're not alone in this, and taking things one step at a time can sometimes help. If you want to share what’s going through your mind or how you’re feeling about this next step, I’m here to listen.",577,0.000134,89,0.9981508851051331,0.2216036170721054,0.08976034820079803,0.2112198919057846,0,0.46252939105033875,0.114433,0.456445,0.048928,0.33624,0.038701,0,0.6446637310630797,0.31554017024326325,0.07342740892047882,0.26122793514347076,0.0154804,0.27751763463020324
4,The doctor mentioned scheduling a biopsy. Just hearing that word made everything feel real.,3️⃣,joy,sadness,joy,"I can hear how unsettling that must have felt for you. A biopsy can bring up a lot of intense emotions, and it’s normal to feel a sense of reality sinking in. This signifies that the medical team is taking your situation seriously, and while it might be nerve-wracking, it can provide important information. It’s okay to feel scared, and it’s important to allow yourself to process those feelings. If you want to talk more about it or share your thoughts, I'm here for you.",441,0.000112,85,0.9981508851051331,0.2216036170721054,0.08976034820079803,0.2112198919057846,0,0.46252939105033875,0.114433,0.456445,0.048928,0.33624,0.038701,0,0.6446637310630797,0.31554017024326325,0.07342740892047882,0.26122793514347076,0.0154804,0.27751763463020324
5,I haven't told my family yet. I don't want to worry them until I know more. But keeping this secret is killing me.,1️⃣,fear,sadness,fear,"I can understand why you feel conflicted about keeping this to yourself. It's tough to balance wanting to protect your family from worry with the weight of what you’re going through. It might help to talk to someone you trust or find a safe way to express your feelings, even if it’s just for yourself. Remember, you don’t have to go through this alone, and sharing your concerns can sometimes lighten the emotional load. How do you think you might feel about talking to someone soon?",539,0.000125,86,0.47889524698257446,0.4943191707134247,0.8774533867835999,0.9132089614868164,0,0.06631382554769516,0.028834,0.427632,0.110076,0.418338,0.02557,0,0.2988707481895446,0.4676443024280548,0.5705024320701599,0.7152605768920899,0.010228000000000001,0.03978829532861709
5,I haven't told my family yet. I don't want to worry them until I know more. But keeping this secret is killing me.,2️⃣,fear,sadness,fear,"It sounds like you’re carrying a heavy burden right now, and I can only imagine how hard it must be to keep this to yourself. You’re facing so much uncertainty, and wanting to protect your family from worry makes complete sense. At the same time, holding it all in can be really tough and isolating. It’s okay to feel conflicted about whether to share this with them. If you ever decide to talk to someone, it might help to have a supportive ear while you navigate this. Remember, your feelings are valid, and you don’t have to go through this alone. If you’d like to talk more about it or explore your thoughts on sharing with your family, I’m here for you.",755,0.000178,122,0.47889524698257446,0.4943191707134247,0.8774533867835999,0.9132089614868164,0,0.06631382554769516,0.028834,0.427632,0.110076,0.418338,0.02557,0,0.2988707481895446,0.4676443024280548,0.5705024320701599,0.7152605768920899,0.010228000000000001,0.03978829532861709
5,I haven't told my family yet. I don't want to worry them until I know more. But keeping this secret is killing me.,3️⃣,fear,sadness,fear,"It sounds like you’re feeling a heavy burden by keeping this to yourself. It’s understandable that you want to protect your family from worry, but holding it all in can be really tough. Sharing your feelings with someone you trust might help relieve some of that weight. If you decide to talk to your family later on, it might bring you some comfort knowing they’re there for you. I’m here to listen if you want to express more about how you’re feeling.",569,0.000128,82,0.47889524698257446,0.4943191707134247,0.8774533867835999,0.9132089614868164,0,0.06631382554769516,0.028834,0.427632,0.110076,0.418338,0.02557,0,0.2988707481895446,0.4676443024280548,0.5705024320701599,0.7152605768920899,0.010228000000000001,0.03978829532861709
6,"I keep googling my symptoms, which I know I shouldn't do. But I can't help it. Every result is terrifying.",1️⃣,fear,sadness,fear,"It’s so common to turn to Google when you’re feeling anxious about health concerns, but I completely understand how that can lead to even more fear. Those results can often be overwhelming and misleading. It might be more helpful to focus on the information your doctor provides and wait for the tests to give you clearer answers. It’s hard to resist the urge to search for information, but try to be gentle with yourself during this time. Would it be helpful to talk about what you’re finding, or maybe find some strategies to distract yourself?",679,0.00015,95,0.3809836208820343,0.07957601547241211,0.5421597361564636,0.9936662316322327,0,0.48265501856803894,0.020005,0.483468,0.054771,0.421634,0.021488,0,0.23659217252922057,0.24113280928344727,0.34720424169387815,0.7648533389793395,0.0085952,0.28959301114082336
6,"I keep googling my symptoms, which I know I shouldn't do. But I can't help it. Every result is terrifying.",2️⃣,fear,sadness,fear,"It’s completely understandable that you’re turning to Google for answers, even though you know it might not be the best idea. The fear and uncertainty you’re feeling can make it really hard not to seek out information, even if it often leads to anxiety and scary thoughts. It’s normal to want to understand what’s happening, especially when you’re dealing with something like this. Just remember that online information can sometimes be misleading and don’t always reflect your unique situation. You’re coping with a lot right now, and it’s okay to feel this way. If you want to talk about what you’ve found or how you’re feeling, I’m here to listen and support you through it.",926,0.000201,115,0.3809836208820343,0.07957601547241211,0.5421597361564636,0.9936662316322327,0,0.48265501856803894,0.020005,0.483468,0.054771,0.421634,0.021488,0,0.23659217252922057,0.24113280928344727,0.34720424169387815,0.7648533389793395,0.0085952,0.28959301114082336
6,"I keep googling my symptoms, which I know I shouldn't do. But I can't help it. Every result is terrifying.",3️⃣,fear,sadness,fear,"It sounds like you’re feeling a mix of anxiety and fear right now. It's really common to turn to the internet for answers, even when we know it can be overwhelming. The uncertainty and not knowing what’s going on can drive that urge to seek information, but it often leads to more worry. It’s okay to feel scared, and it might help to take a break from searching and focus on things that bring you comfort. Is there anything else on your mind that you’d like to discuss?",702,0.00015,88,0.3809836208820343,0.07957601547241211,0.5421597361564636,0.9936662316322327,0,0.48265501856803894,0.020005,0.483468,0.054771,0.421634,0.021488,0,0.23659217252922057,0.24113280928344727,0.34720424169387815,0.7648533389793395,0.0085952,0.28959301114082336
7,"Some days I convince myself it's nothing. Like, I feel fine, so it must be a false alarm, right?",1️⃣,joy,joy,joy,"It's great to hear that you can find moments of hope and positivity! Feeling fine is definitely a good sign, and it’s completely okay to hold onto that optimism. It’s a healthy way to cope with uncertainty. Focusing on the positive aspects of your health can help you manage stress in this waiting period. Just remember to take care of yourself emotionally too. If you're feeling good today, maybe doing something you love can help keep that positive vibe going!",802,0.000161,80,0.9988811612129211,0.3450636863708496,0.12008475512266159,0.18784752488136292,0,0.20644301176071167,0.329441,0.138825,0.100206,0.287244,0.016565,0,0.7311050967277527,0.2625682118225098,0.11213325307359695,0.22760611492881774,0.006626,0.123865807056427
7,"Some days I convince myself it's nothing. Like, I feel fine, so it must be a false alarm, right?",2️⃣,joy,joy,joy,"It’s really great that you can take those moments to convince yourself that it might be nothing. Feeling fine can definitely give you some hope and help you cope with the uncertainty. It’s perfectly normal to have those ups and downs, where you feel more optimistic one day and then worry the next. Staying positive can be a powerful tool while you navigate this situation. Just remember, it’s okay to acknowledge both the hope and the fear; they can coexist as you wait for more information. If you want to explore those feelings further, I’m here for you!",1070,0.000211,98,0.9988811612129211,0.3450636863708496,0.12008475512266159,0.18784752488136292,0,0.20644301176071167,0.329441,0.138825,0.100206,0.287244,0.016565,0,0.7311050967277527,0.2625682118225098,0.11213325307359695,0.22760611492881774,0.006626,0.123865807056427
7,"Some days I convince myself it's nothing. Like, I feel fine, so it must be a false alarm, right?",3️⃣,joy,joy,joy,"It's completely normal to have days when you feel more hopeful and try to convince yourself that everything will be okay. Finding ways to stay positive can be a coping mechanism during uncertain times. It’s also okay to feel fine and hold onto that hope. Balancing those feelings with the reality of your situation can be challenging. If you want to talk more about your thoughts or feelings, I’m here to help you process them.",818,0.00016,75,0.9988811612129211,0.3450636863708496,0.12008475512266159,0.18784752488136292,0,0.20644301176071167,0.329441,0.138825,0.100206,0.287244,0.016565,0,0.7311050967277527,0.2625682118225098,0.11213325307359695,0.22760611492881774,0.006626,0.123865807056427
8,But then other days I'm convinced the worst is happening. I swing between denial and panic.,1️⃣,joy,sadness,joy,"It’s completely normal to have those swings between feeling hopeful and feeling anxious. Dealing with uncertainty can bring up such a wide range of emotions, and it’s okay to feel both joy and fear at different times. Allowing yourself to feel those emotions—without judgment—can be really helpful. Remember, it's all part of the process. How about finding some small moments each day to remind yourself of the positive aspects of your life? It might help to balance out those feelings when they become overwhelming.",928,0.000184,84,0.994422972202301,0.24187949299812317,0.20623145997524261,0.6153116822242737,0,0.21303565800189972,0.008257,0.427842,0.106759,0.416417,0.054192,0,0.5999565833213807,0.3162644957988739,0.16644247598514555,0.5357538093345642,0.0216768,0.12782139480113983
8,But then other days I'm convinced the worst is happening. I swing between denial and panic.,2️⃣,joy,sadness,joy,"It’s completely understandable to feel that way. Those swings between denial and panic can be so exhausting. One moment you might find a glimmer of hope, and the next, fear rushes in. It’s a normal response to uncertainty, especially when it comes to something as serious as your health. Acknowledging both the moments of calm and the moments of panic is important. Remember, it's okay to ride that emotional wave and give yourself grace during this challenging time. If you want to talk more about what you’re experiencing, I'm here to support you.",1208,0.000232,93,0.994422972202301,0.24187949299812317,0.20623145997524261,0.6153116822242737,0,0.21303565800189972,0.008257,0.427842,0.106759,0.416417,0.054192,0,0.5999565833213807,0.3162644957988739,0.16644247598514555,0.5357538093345642,0.0216768,0.12782139480113983
8,But then other days I'm convinced the worst is happening. I swing between denial and panic.,3️⃣,joy,sadness,joy,"It sounds like you're experiencing a lot of emotional ups and downs, swinging between hope and fear. That kind of fluctuation is completely normal when faced with uncertainty about your health. It can feel exhausting to navigate those intense emotions, especially when it feels like they can change from one day to the next. It’s okay to acknowledge both feelings—sometimes denial can be a way to cope, while other times, the reality of the situation can feel overwhelming. If you want to share more about how you're feeling today, I’m here to listen.",952,0.000191,93,0.994422972202301,0.24187949299812317,0.20623145997524261,0.6153116822242737,0,0.21303565800189972,0.008257,0.427842,0.106759,0.416417,0.054192,0,0.5999565833213807,0.3162644957988739,0.16644247598514555,0.5357538093345642,0.0216768,0.12782139480113983
9,I called in sick to work today because I couldn't face anyone. I just needed to be alone with my thoughts.,1️⃣,sadness,sadness,sadness,"I'm really sorry to hear that you're feeling this way. It's completely okay to take a step back and care for yourself when you're going through such a tough time. Sometimes, being alone with your thoughts can provide a little clarity, even if it feels heavy right now. Is there anything specific on your mind that you’d like to talk about, or anything you think might help you feel a little better today? I'm here for you.",1045,0.000195,77,0.1365620344877243,0.9963617920875549,0.7902613878250122,0.5262089371681213,0,0.06534130871295929,0.262395,0.428333,0.0818,0.235587,0.047855,0,0.1868952206926346,0.769150275252533,0.5068768326950073,0.4099601623008728,0.019142000000000003,0.039204785227775575
9,I called in sick to work today because I couldn't face anyone. I just needed to be alone with my thoughts.,2️⃣,sadness,sadness,sadness,"I'm really sorry to hear that you’re feeling this way. It sounds like you needed some time to yourself, and that’s completely understandable given everything you’re going through. It’s okay to need space to process your thoughts and emotions. Taking a day for yourself can be a vital step in coping with stress and uncertainty. If you want to share more about what you're feeling or how you're coping, I'm here for you. You don’t have to face this alone.",1332,0.000242,80,0.1365620344877243,0.9963617920875549,0.7902613878250122,0.5262089371681213,0,0.06534130871295929,0.262395,0.428333,0.0818,0.235587,0.047855,0,0.1868952206926346,0.769150275252533,0.5068768326950073,0.4099601623008728,0.019142000000000003,0.039204785227775575
9,I called in sick to work today because I couldn't face anyone. I just needed to be alone with my thoughts.,3️⃣,sadness,sadness,sadness,"It sounds like you’re feeling really overwhelmed right now and needed some space to process everything. It’s completely okay to take time for yourself when you’re struggling. Being alone with your thoughts can sometimes help, but it can also feel heavy. If you want to share what’s on your mind, I’m here to listen and support you.",1051,0.000188,57,0.1365620344877243,0.9963617920875549,0.7902613878250122,0.5262089371681213,0,0.06534130871295929,0.262395,0.428333,0.0818,0.235587,0.047855,0,0.1868952206926346,0.769150275252533,0.5068768326950073,0.4099601623008728,0.019142000000000003,0.039204785227775575
10,My appointment for the biopsy is in two weeks. Two weeks feels like forever.,1️⃣,joy,sadness,joy,"I can understand why two weeks feels like a long time right now. It’s normal to feel that way when you're waiting for answers. In the meantime, maybe you can find little ways to take care of yourself and distract your mind? Whether it’s enjoying a hobby, spending time with friends, or just treating yourself to something nice, those little joys can help make the wait feel a bit more manageable. How are you planning to spend the next couple of weeks?",1162,0.000216,82,0.9968060255050659,0.5792976021766663,0.10251264274120331,0.09182193130254745,0,0.1534598171710968,0.1685,0.298192,0.071329,0.291281,0.01242,0,0.6654836153030396,0.46685536130599975,0.09003918564472199,0.1716055587815285,0.004968,0.09207589030265807
10,My appointment for the biopsy is in two weeks. Two weeks feels like forever.,2️⃣,joy,sadness,joy,"I can understand how two weeks can feel like an eternity when you’re waiting for something so important. It’s a long time to hold onto uncertainty, and it’s natural to feel a mix of emotions as you approach that day. Finding ways to occupy your mind during that wait, whether it’s through activities, hobbies, or spending time with supportive people, might help ease some of that anxiety. Just know that it’s okay to feel however you’re feeling in the meantime. If you want to talk about how you’re coping or anything else on your mind, I’m here for you.",1474,0.000274,99,0.9968060255050659,0.5792976021766663,0.10251264274120331,0.09182193130254745,0,0.1534598171710968,0.1685,0.298192,0.071329,0.291281,0.01242,0,0.6654836153030396,0.46685536130599975,0.09003918564472199,0.1716055587815285,0.004968,0.09207589030265807
10,My appointment for the biopsy is in two weeks. Two weeks feels like forever.,3️⃣,joy,sadness,joy,"It sounds like you're feeling really anxious about the wait for your biopsy. Two weeks can feel like a long time when you're dealing with uncertainty. It’s completely understandable to feel that way, especially when you’re waiting for important answers. Is there something specific you’d like to do to help pass the time or ease your anxiety during this wait? I'm here for you.",1148,0.000205,64,0.9968060255050659,0.5792976021766663,0.10251264274120331,0.09182193130254745,0,0.1534598171710968,0.1685,0.298192,0.071329,0.291281,0.01242,0,0.6654836153030396,0.46685536130599975,0.09003918564472199,0.1716055587815285,0.004968,0.09207589030265807
11,I've been having trouble sleeping. I lie awake at night thinking about all the possible outcomes.,1️⃣,fear,sadness,sadness,"I’m really sorry to hear that you’re having trouble sleeping. It’s so challenging when your mind races with thoughts, especially during the night when everything feels more intense. Lack of sleep can make everything feel tougher. Have you tried any strategies to help calm your mind before bed? Sometimes relaxation techniques, reading, or even gentle music can help create a soothing environment. You deserve peace and rest, especially during such a stressful time.",1274,0.00023,73,0.24714189767837524,0.8776695728302002,0.6488699913024902,0.9754486680030823,0,0.12681792676448822,0.142332,0.449046,0.035267,0.259901,0.018167,0,0.20521793860702514,0.7062201436981201,0.4034287947814941,0.6892296008018493,0.0072668,0.07609075605869293
11,I've been having trouble sleeping. I lie awake at night thinking about all the possible outcomes.,2️⃣,fear,sadness,sadness,"It’s truly tough to deal with sleepless nights, especially when your mind is racing with thoughts about the future. It sounds really overwhelming to lie awake, thinking about all the possible outcomes—it's no wonder you're feeling a mix of fear and sadness. When you're grappling with uncertainty, it can be hard to find a sense of peace that makes it possible to rest. If it helps, some people find comfort in relaxation techniques or journaling their thoughts before bed. Remember, it's completely okay to feel the way you do. If you want to share more about what's on your mind or how you've been coping, I'm here to listen and support you.",1630,0.000303,112,0.24714189767837524,0.8776695728302002,0.6488699913024902,0.9754486680030823,0,0.12681792676448822,0.142332,0.449046,0.035267,0.259901,0.018167,0,0.20521793860702514,0.7062201436981201,0.4034287947814941,0.6892296008018493,0.0072668,0.07609075605869293
11,I've been having trouble sleeping. I lie awake at night thinking about all the possible outcomes.,3️⃣,fear,sadness,sadness,"It sounds like you’re feeling really anxious and overwhelmed, and that’s definitely impacting your sleep. It’s tough when your mind is racing with thoughts, especially about something as significant as your health. Have you found anything that helps you relax or wind down at night, or would you like to explore some strategies together? I'm here to support you.",1243,0.000218,59,0.24714189767837524,0.8776695728302002,0.6488699913024902,0.9754486680030823,0,0.12681792676448822,0.142332,0.449046,0.035267,0.259901,0.018167,0,0.20521793860702514,0.7062201436981201,0.4034287947814941,0.6892296008018493,0.0072668,0.07609075605869293
12,Yesterday I actually felt normal for a few hours and it was such a relief. But then the anxiety came back.,1️⃣,joy,fear,joy,"That sounds like a wonderful relief to feel normal for even a little while! It's amazing how those moments can lift your spirits. It's also completely normal for anxiety to creep back in, especially when you're dealing with uncertainty. Those ups and downs are part of the process. It’s encouraging that you had a moment of joy, and hopefully, you can hold onto that feeling. Keep being gentle with yourself—it's okay to have mixed emotions. What do you think helped you feel normal yesterday?",1402,0.000254,84,0.9969804883003235,0.40843281149864197,0.17511683702468872,0.30850496888160706,0,0.21833884716033936,0.267386,0.226797,0.020399,0.398457,0.005686,0,0.705142692980194,0.33577848689918516,0.11322970221481324,0.34448578132896424,0.0022744,0.1310033082962036
12,Yesterday I actually felt normal for a few hours and it was such a relief. But then the anxiety came back.,2️⃣,joy,fear,joy,"It’s wonderful to hear that you had those moments of feeling normal! Those little bursts of relief can be so uplifting, especially when you’re going through such a challenging time. It’s completely understandable that the anxiety returned afterward; that’s a common experience when you’re dealing with uncertainty. It’s like a reminder of the weight that’s still there. Remember, it’s okay to have those ups and downs, and acknowledging the relief you felt can be a source of strength moving forward. If you want to talk more about it or anything else on your mind, I’m here for you.",1779,0.00032,98,0.9969804883003235,0.40843281149864197,0.17511683702468872,0.30850496888160706,0,0.21833884716033936,0.267386,0.226797,0.020399,0.398457,0.005686,0,0.705142692980194,0.33577848689918516,0.11322970221481324,0.34448578132896424,0.0022744,0.1310033082962036
12,Yesterday I actually felt normal for a few hours and it was such a relief. But then the anxiety came back.,3️⃣,joy,fear,joy,"It sounds like having that brief moment of feeling normal was such a relief for you, and it's completely understandable that the return of anxiety feels frustrating. Those fleeting moments of ease can bring hope, but it’s tough when anxiety creeps back in. It’s okay to ride the waves of these emotions. If you’d like to talk more about what helped you feel normal or how you’re coping with the anxiety right now, I’m here to listen.",1364,0.000245,77,0.9969804883003235,0.40843281149864197,0.17511683702468872,0.30850496888160706,0,0.21833884716033936,0.267386,0.226797,0.020399,0.398457,0.005686,0,0.705142692980194,0.33577848689918516,0.11322970221481324,0.34448578132896424,0.0022744,0.1310033082962036
13,"I'm trying to act normal around my kids, but I think they can sense something is wrong. I feel guilty for putting this burden on them indirectly.",1️⃣,sadness,sadness,sadness,"It’s understandable to feel that way. You want to protect your kids from worry, but kids are often very perceptive, even if they can’t articulate what they’re sensing. It’s okay to feel guilty, but remember that taking care of yourself is also important. Allowing them to share in some of your feelings can create an opportunity for connection and understanding. It might help to have an age-appropriate conversation with them, reassuring them that while you’re okay, you’re dealing with something challenging. You’re doing your best, and that’s all anyone can ask for. If you need to talk more about this, I'm here for you.",1570,0.000294,104,0.31665468215942383,0.9990013241767883,0.2089013159275055,0.23644790053367615,0,0.15531538426876068,0.008865,0.648829,0.08601,0.082805,0.066444,0,0.19353880929565428,0.858932394506073,0.15974478955650329,0.1749907403202057,0.026577600000000003,0.0931892305612564
13,"I'm trying to act normal around my kids, but I think they can sense something is wrong. I feel guilty for putting this burden on them indirectly.",2️⃣,sadness,sadness,sadness,"It’s completely understandable to feel that way. Wanting to protect your kids from the stress you’re experiencing while also navigating your own emotions must be incredibly challenging. Kids have a way of picking up on what’s going on around them, even if we try to hide it. It’s natural to feel guilty, but remember, you’re doing your best in a tough situation. It’s okay to show them that you’re human and experiencing a range of emotions. Finding small ways to connect with them, even amidst your worries, can be comforting for both you and them. If you’d like to talk more about how you’re feeling or any thoughts you have about this, I’m here to listen and support you.",1960,0.000358,119,0.31665468215942383,0.9990013241767883,0.2089013159275055,0.23644790053367615,0,0.15531538426876068,0.008865,0.648829,0.08601,0.082805,0.066444,0,0.19353880929565428,0.858932394506073,0.15974478955650329,0.1749907403202057,0.026577600000000003,0.0931892305612564
13,"I'm trying to act normal around my kids, but I think they can sense something is wrong. I feel guilty for putting this burden on them indirectly.",3️⃣,sadness,sadness,sadness,"It sounds like you’re feeling a mix of worry and guilt about how your situation is affecting your kids. It’s understandable to want to protect them from stress while also managing your own feelings. Kids can often pick up on their parents’ emotions, and it’s natural to feel conflicted about that. Remember, it’s okay to acknowledge your feelings; it’s part of being human. If you want to talk more about how you’re navigating this balance, I’m here for you.",1499,0.000269,79,0.31665468215942383,0.9990013241767883,0.2089013159275055,0.23644790053367615,0,0.15531538426876068,0.008865,0.648829,0.08601,0.082805,0.066444,0,0.19353880929565428,0.858932394506073,0.15974478955650329,0.1749907403202057,0.026577600000000003,0.0931892305612564
14,"One of my friends asked me to go out this weekend, but I don't know if I can fake being happy right now.",1️⃣,joy,sadness,joy,"It’s great to hear that you have a friend who wants to spend time with you! But it’s completely understandable to feel unsure about putting on a happy face when you’re not feeling it. Sometimes, just being around friends can lift our spirits, even if we’re not fully there. Maybe you could consider a low-key hangout where you don’t have to feel pressured to be “on”? Trust your instincts—if you think you need some time for yourself, that’s perfectly okay, too. How do you feel about the idea of going out?",1715,0.000308,91,0.9875176548957825,0.9237816333770752,0.16815735399723053,0.22782589495182037,0,0.09228325635194778,0.226679,0.280488,0.040753,0.012808,0.009649,0,0.6831821929374694,0.6664641800262452,0.11719561239833831,0.1418187369710922,0.0038596,0.055369953811168666
14,"One of my friends asked me to go out this weekend, but I don't know if I can fake being happy right now.",2️⃣,joy,sadness,joy,"It’s completely understandable to feel that way. Balancing your emotions while trying to engage with friends can be really tough, especially when you’re facing so much uncertainty. It’s okay if you’re not feeling up to it right now; you don’t have to put on a brave face if it doesn’t feel right. You might consider letting your friend know that you’re going through something but appreciate their support. Taking care of yourself is important, and it’s okay to prioritize your feelings during this time. Whatever you decide, I’m here to support you.",2105,0.000366,92,0.9875176548957825,0.9237816333770752,0.16815735399723053,0.22782589495182037,0,0.09228325635194778,0.226679,0.280488,0.040753,0.012808,0.009649,0,0.6831821929374694,0.6664641800262452,0.11719561239833831,0.1418187369710922,0.0038596,0.055369953811168666
14,"One of my friends asked me to go out this weekend, but I don't know if I can fake being happy right now.",3️⃣,joy,sadness,joy,"It sounds like you’re feeling really conflicted about socializing right now. It’s okay to not feel up to putting on a happy front, especially when you’re dealing with so much uncertainty. Sometimes it’s better to prioritize your own well-being. If going out feels like too much, it’s completely fine to take a step back. Your friends will understand, especially if they care about you. If you want to talk more about it or how you’re feeling, I’m here for you.",1632,0.00029,80,0.9875176548957825,0.9237816333770752,0.16815735399723053,0.22782589495182037,0,0.09228325635194778,0.226679,0.280488,0.040753,0.012808,0.009649,0,0.6831821929374694,0.6664641800262452,0.11719561239833831,0.1418187369710922,0.0038596,0.055369953811168666
15,"I've been researching survival rates, treatment options, everything. I feel like I'm preparing for the worst.",1️⃣,joy,fear,fear,"It’s completely natural to seek information when you’re feeling afraid and uncertain. Researching can sometimes help us feel more in control, but it can also lead to more fear and overwhelm. Remember, you’re not alone in this, and it’s okay to have those feelings. Focusing on what you can do now to take care of yourself—whether it’s talking to someone, practicing self-care, or finding moments of joy—can also be really helpful. If you’d like to talk about any specific concerns or what you’ve found, I’m here to listen and support you.",1860,0.000332,91,0.9777259230613708,0.8668696880340576,0.24363170564174652,0.6580589413642883,0,0.06226654723286629,0.034305,0.140707,0.13663,0.577738,0.089914,0,0.6003575538368225,0.5764046128204345,0.2008310233850479,0.625930564818573,0.0359656,0.037359928339719774
15,"I've been researching survival rates, treatment options, everything. I feel like I'm preparing for the worst.",2️⃣,joy,fear,fear,"It’s completely natural to want to gather information during such a challenging time, especially when it feels like you’re preparing for the worst. That fear can be incredibly consuming, and it’s understandable to feel overwhelmed by what you’ve uncovered. While knowledge can empower you, it can also add to anxiety when you’re facing uncertainty. Remember to take care of yourself in this process; it’s okay to step back from the research if it becomes too much. Prioritizing your well-being is important right now. If you want to talk more about what you’ve found or how you’re feeling, I’m here to listen and support you.",2260,0.000396,104,0.9777259230613708,0.8668696880340576,0.24363170564174652,0.6580589413642883,0,0.06226654723286629,0.034305,0.140707,0.13663,0.577738,0.089914,0,0.6003575538368225,0.5764046128204345,0.2008310233850479,0.625930564818573,0.0359656,0.037359928339719774
15,"I've been researching survival rates, treatment options, everything. I feel like I'm preparing for the worst.",3️⃣,joy,fear,fear,"It sounds like you’re feeling a lot of anxiety and perhaps a sense of dread as you’re preparing for what might come. It’s completely understandable to want to gather information and be prepared, but it can also be overwhelming when focusing on the worst-case scenarios. If you need to talk about your feelings or just want some support as you navigate this tough time, I'm here for you.",1737,0.000295,68,0.9777259230613708,0.8668696880340576,0.24363170564174652,0.6580589413642883,0,0.06226654723286629,0.034305,0.140707,0.13663,0.577738,0.089914,0,0.6003575538368225,0.5764046128204345,0.2008310233850479,0.625930564818573,0.0359656,0.037359928339719774
16,"But honestly, some of that research made me feel a bit better. Not all cases are as bad as I thought.",1️⃣,joy,sadness,joy,"That’s such a positive realization! It’s great to hear that some of the research helped ease your worries a bit. Knowing that there are many outcomes and not all of them are dire can bring a sense of relief. It’s important to hold onto that hope, especially during uncertain times. If you find anything else uplifting or reassuring, feel free to share!",1964,0.000327,62,0.9987909197807312,0.45756247639656067,0.1005764901638031,0.12871958315372467,0,0.15489749610424042,0.369454,0.452904,0.044817,0.24599,0.04647,0,0.7470561518684387,0.4556990858379364,0.07827269409828186,0.17562774989223479,0.018588,0.09293849766254425
16,"But honestly, some of that research made me feel a bit better. Not all cases are as bad as I thought.",2️⃣,joy,sadness,joy,"It’s really encouraging to hear that some of the research helped you feel a bit better! It’s a relief to discover that not all cases turn out negatively, and finding that glimmer of hope can be so important during uncertain times. Balancing your feelings with newfound information can be really empowering. If you’d like to share more about what you found or how it shifted your perspective, I’m here to listen. It’s great that you’re taking steps to understand what’s going on!",2390,0.000403,82,0.9987909197807312,0.45756247639656067,0.1005764901638031,0.12871958315372467,0,0.15489749610424042,0.369454,0.452904,0.044817,0.24599,0.04647,0,0.7470561518684387,0.4556990858379364,0.07827269409828186,0.17562774989223479,0.018588,0.09293849766254425
16,"But honestly, some of that research made me feel a bit better. Not all cases are as bad as I thought.",3️⃣,joy,sadness,joy,"I'm really glad to hear that some of the research helped ease your mind a bit. It’s a relief to find information that offers a more hopeful perspective. Finding a balance in what you read can be beneficial, and holding onto that sense of hope is so important. If you want to talk about what you found that made you feel better or any other thoughts you have, I'm here for you.",1848,0.000313,72,0.9987909197807312,0.45756247639656067,0.1005764901638031,0.12871958315372467,0,0.15489749610424042,0.369454,0.452904,0.044817,0.24599,0.04647,0,0.7470561518684387,0.4556990858379364,0.07827269409828186,0.17562774989223479,0.018588,0.09293849766254425
17,I keep telling myself that many people get concerning results that turn out to be nothing. Maybe I'll be one of them.,1️⃣,love,joy,anger,"It’s completely understandable to feel that way. Holding onto that hope can be a powerful way to cope with the uncertainty. Many people do face concerning results and end up with good news, and it's okay to wish for that outcome. Allow yourself to feel that hope, even alongside your other feelings. Your emotions are valid, and it’s important to acknowledge them as you navigate this tough time. If you're comfortable, I'd love to hear more about what has helped you maintain that hope.",2092,0.000357,84,0.515963077545166,0.1023889034986496,0.8762214779853821,0.23507431149482727,0,0.10322421044111252,0.33677,0.274198,0.080941,0.069681,0.030635,0,0.44428584652709957,0.17111254209918975,0.5581092867912292,0.16891698689689638,0.012254000000000001,0.06193452626466751
17,I keep telling myself that many people get concerning results that turn out to be nothing. Maybe I'll be one of them.,2️⃣,love,joy,anger,"It’s really encouraging to hear you express that perspective! Many people do go through similar situations and end up with good news, and holding onto that hope is important. It shows resilience and a positive outlook, even amidst the uncertainty. It’s perfectly normal to have moments of doubt or worry, but leaning into that belief that things might turn out well for you is definitely a step in the right direction. I'm here to support you as you navigate all of this!",2514,0.000418,82,0.515963077545166,0.1023889034986496,0.8762214779853821,0.23507431149482727,0,0.10322421044111252,0.33677,0.274198,0.080941,0.069681,0.030635,0,0.44428584652709957,0.17111254209918975,0.5581092867912292,0.16891698689689638,0.012254000000000001,0.06193452626466751
17,I keep telling myself that many people get concerning results that turn out to be nothing. Maybe I'll be one of them.,3️⃣,love,joy,anger,"It sounds like you're trying to hold onto hope and reassure yourself, which is a positive and important mindset during this uncertain time. It’s natural to want to cling to the possibility that things might turn out well. That kind of optimism can be a source of comfort. If you want to share more about your thoughts or feelings, I'm here to listen and support you.",1953,0.000326,66,0.515963077545166,0.1023889034986496,0.8762214779853821,0.23507431149482727,0,0.10322421044111252,0.33677,0.274198,0.080941,0.069681,0.030635,0,0.44428584652709957,0.17111254209918975,0.5581092867912292,0.16891698689689638,0.012254000000000001,0.06193452626466751
18,"I started journaling about my feelings. It helps a little, but it also makes everything feel more real.",1️⃣,joy,joy,joy,"It’s wonderful that you’ve started journaling! Writing about your feelings can be such a powerful way to process what you're going through. It’s true that it can make things feel more real, but it also allows you to express your emotions and reflect on them. Finding that outlet can bring some relief, even amidst the weight of it all. Do you find that certain topics or moments come up more often in your journaling?",2208,0.00037,74,0.9989815354347229,0.29112011194229126,0.07888336479663849,0.14643871784210205,0,0.36041730642318726,0.784058,0.236583,0.012638,0.040077,0.010097,0,0.9130121212608338,0.26930526716537473,0.05238521887798309,0.10389403070526122,0.0040388,0.21625038385391235
18,"I started journaling about my feelings. It helps a little, but it also makes everything feel more real.",2️⃣,joy,joy,joy,"It’s great to hear that you started journaling about your feelings! Writing can be such a powerful outlet and a way to process everything you’re going through. I completely understand how it might also make things feel more real; sometimes putting thoughts down on paper brings both clarity and a sense of weight to them. It’s a brave step to face your emotions. If it helps, you might consider focusing on moments of hope or even things you’re grateful for in your entries, balancing the heaviness with some light. Whatever you’re feeling in that moment is valid, and I’m here for you as you continue this journey!",2669,0.000457,107,0.9989815354347229,0.29112011194229126,0.07888336479663849,0.14643871784210205,0,0.36041730642318726,0.784058,0.236583,0.012638,0.040077,0.010097,0,0.9130121212608338,0.26930526716537473,0.05238521887798309,0.10389403070526122,0.0040388,0.21625038385391235
18,"I started journaling about my feelings. It helps a little, but it also makes everything feel more real.",3️⃣,joy,joy,joy,"It sounds like journaling is providing you with a way to express your feelings, but it's also bringing some of the intensity of your emotions to the surface. It’s completely normal for writing about your thoughts to make everything feel more tangible and real. While it can be challenging to confront those feelings, it may also offer some clarity and relief. If you’d like to discuss what you've been writing about or how it makes you feel, I'm here to listen.",2074,0.000352,81,0.9989815354347229,0.29112011194229126,0.07888336479663849,0.14643871784210205,0,0.36041730642318726,0.784058,0.236583,0.012638,0.040077,0.010097,0,0.9130121212608338,0.26930526716537473,0.05238521887798309,0.10389403070526122,0.0040388,0.21625038385391235
19,I had a moment this morning where I just broke down crying. I couldn't hold it in anymore.,1️⃣,sadness,sadness,sadness,"I'm really sorry to hear that you had such a tough moment. It's completely okay to let those feelings out; crying can be a powerful release. It shows how deeply this is affecting you, and it's important to honor your emotions. If you want to talk about what you were feeling at that moment, I'm here to listen and support you.",2304,0.000376,61,0.20056511461734772,0.9982693195343018,0.2375914752483368,0.5260946750640869,0,0.1417599320411682,0.00618,0.899131,0.046271,0.122376,0.01931,0,0.12281106877040862,0.9586139917205811,0.1610632851490021,0.3646072050384521,0.007724000000000001,0.08505595922470092
19,I had a moment this morning where I just broke down crying. I couldn't hold it in anymore.,2️⃣,sadness,sadness,sadness,"I’m really sorry to hear that you had such a tough moment this morning. It’s completely understandable to feel overwhelmed, especially with everything you’re going through. Crying can be a release of so much pent-up emotion, and it’s okay to let it all out. This journey can be incredibly heavy, and allowing yourself to feel those feelings is an important part of processing them. It’s okay to not be okay sometimes. If you want to talk about what led to that moment or how you’re feeling now, I’m here for you. You don't have to navigate this alone.",2815,0.000475,98,0.20056511461734772,0.9982693195343018,0.2375914752483368,0.5260946750640869,0,0.1417599320411682,0.00618,0.899131,0.046271,0.122376,0.01931,0,0.12281106877040862,0.9586139917205811,0.1610632851490021,0.3646072050384521,0.007724000000000001,0.08505595922470092
19,I had a moment this morning where I just broke down crying. I couldn't hold it in anymore.,3️⃣,sadness,sadness,sadness,"It sounds like you were overwhelmed and finally allowed yourself to release some of that pent-up emotion. Crying can be a powerful way to let out the feelings that have been building inside. It’s okay to feel that way; you’re going through a really tough time. If you want to talk about what led up to that moment or how you’re feeling now, I’m here for you.",2181,0.000363,67,0.20056511461734772,0.9982693195343018,0.2375914752483368,0.5260946750640869,0,0.1417599320411682,0.00618,0.899131,0.046271,0.122376,0.01931,0,0.12281106877040862,0.9586139917205811,0.1610632851490021,0.3646072050384521,0.007724000000000001,0.08505595922470092
20,"After that, I actually felt a little lighter. Like I needed to let those emotions out.",1️⃣,joy,joy,joy,"I’m so glad to hear that! It’s amazing how releasing those emotions can bring a sense of relief and lightness. It’s a healthy way to process what you’re going through. Remember, it's completely okay to have those moments, and allowing yourself to feel can be really healing. How are you feeling now?",2395,0.000388,52,0.985531210899353,0.8814743757247925,0.16131509840488434,0.19949932396411896,0,0.053263306617736816,0.543315,0.282715,0.026371,0.065998,0.02123,0,0.8086447265396118,0.6419706254348755,0.1073374590429306,0.14609879437847137,0.008492,0.03195798397064209
20,"After that, I actually felt a little lighter. Like I needed to let those emotions out.",2️⃣,joy,joy,joy,"It’s really heartening to hear that you felt a little lighter after letting those emotions out. Sometimes, a good cry can be such a necessary release, allowing us to process what we’re going through. Acknowledging those feelings is a brave step, and it often helps to ease some of the weight we carry. It sounds like you’re finding ways to navigate this journey, and that’s something to hold onto. If you want to share more about how you’re feeling or any moments of lightness you’re experiencing, I’m here to listen!",2953,0.000493,90,0.985531210899353,0.8814743757247925,0.16131509840488434,0.19949932396411896,0,0.053263306617736816,0.543315,0.282715,0.026371,0.065998,0.02123,0,0.8086447265396118,0.6419706254348755,0.1073374590429306,0.14609879437847137,0.008492,0.03195798397064209
20,"After that, I actually felt a little lighter. Like I needed to let those emotions out.",3️⃣,joy,joy,joy,"It’s great to hear that you felt a bit lighter after letting those emotions out. Sometimes, expressing what’s inside can be such a relief and can help you process everything you’re going through. It’s important to give yourself permission to feel and express those feelings. If you’d like to share more about that experience or how you’re feeling now, I’m here to listen.",2284,0.000377,63,0.985531210899353,0.8814743757247925,0.16131509840488434,0.19949932396411896,0,0.053263306617736816,0.543315,0.282715,0.026371,0.065998,0.02123,0,0.8086447265396118,0.6419706254348755,0.1073374590429306,0.14609879437847137,0.008492,0.03195798397064209
21,"I decided to tell my sister today. She's being really supportive, which helps, but now I see the worry in her face too.",1️⃣,love,joy,joy,"It's wonderful that you felt comfortable sharing with your sister and that she's being supportive! It’s completely normal for her to feel worried, especially when someone she cares about is going through a tough time. You might find that talking about your feelings with her can help both of you process this together. Having that support can be really comforting, and it’s great you’re able to lean on each other during this time. How are you feeling about having shared this with her?",2523,0.00042,83,0.5674436688423157,0.18534277379512787,0.2153661549091339,0.18141032755374908,0,0.14675594866275787,0.528762,0.179984,0.0277,0.128836,0.020623,0,0.5519710013053893,0.18319926427707672,0.14029969294548034,0.16038059653224945,0.0082492,0.08805356919765472
21,"I decided to tell my sister today. She's being really supportive, which helps, but now I see the worry in her face too.",2️⃣,love,joy,joy,"It’s great to hear that you decided to share with your sister! It sounds like having her support is a comforting step as you navigate this difficult time. While it’s completely natural for her to feel worried, it’s also a reminder that she cares deeply about you. Sharing your feelings can be a double-edged sword; it brings support but can also make both of you face the reality of the situation. It’s okay for you to feel a mixture of emotions in this—both the relief of having someone to lean on and the sadness of seeing her concern. If you want to talk more about how you both are handling this or anything else on your mind, I’m here for you!",3127,0.000532,121,0.5674436688423157,0.18534277379512787,0.2153661549091339,0.18141032755374908,0,0.14675594866275787,0.528762,0.179984,0.0277,0.128836,0.020623,0,0.5519710013053893,0.18319926427707672,0.14029969294548034,0.16038059653224945,0.0082492,0.08805356919765472
21,"I decided to tell my sister today. She's being really supportive, which helps, but now I see the worry in her face too.",3️⃣,love,joy,joy,"It sounds like sharing your situation with your sister has brought some relief but also added a layer of concern for both of you. It’s natural for loved ones to feel worried when someone they care about is facing uncertainty. It’s wonderful that she’s being supportive, and having someone to talk to can be a big help. If you want to share more about your conversation or how you’re feeling about her reaction, I’m here for you.",2407,0.000401,77,0.5674436688423157,0.18534277379512787,0.2153661549091339,0.18141032755374908,0,0.14675594866275787,0.528762,0.179984,0.0277,0.128836,0.020623,0,0.5519710013053893,0.18319926427707672,0.14029969294548034,0.16038059653224945,0.0082492,0.08805356919765472
22,She suggested I talk to someone professionally while I wait for results. A therapist or counselor.,1️⃣,joy,joy,joy,That sounds like a great suggestion from your sister! Talking to a therapist or counselor can provide you with a safe space to express your feelings and navigate the uncertainty you're experiencing. It might help you find some strategies to cope better during this waiting period. Feeling supported in this way can really make a difference. How do you feel about the idea of reaching out to a professional?,2623,0.000427,69,0.9535715579986572,0.4168696403503418,0.7974095940589905,0.5061109066009521,0,0.06142626702785492,0.462863,0.267638,0.05429,0.316585,0.017272,0,0.7572881347991943,0.3571769842102051,0.5001617564353943,0.43030054396057127,0.0069088,0.03685576021671295
22,She suggested I talk to someone professionally while I wait for results. A therapist or counselor.,2️⃣,joy,joy,joy,"It sounds like your sister is really looking out for you and wanting to ensure you have the support you need during this challenging time. The idea of talking to a therapist or counselor can feel like a big step, but it can also be incredibly helpful. Having a safe space to express your worries and feelings might help ease some of the anxiety and uncertainty you’re experiencing while you wait for the results. It’s completely okay to seek that support, and it could provide you with some tools to cope with everything you’re feeling. If you have any thoughts about it or want to explore those options further, I’m here to chat!",3278,0.000548,113,0.9535715579986572,0.4168696403503418,0.7974095940589905,0.5061109066009521,0,0.06142626702785492,0.462863,0.267638,0.05429,0.316585,0.017272,0,0.7572881347991943,0.3571769842102051,0.5001617564353943,0.43030054396057127,0.0069088,0.03685576021671295
22,She suggested I talk to someone professionally while I wait for results. A therapist or counselor.,3️⃣,joy,joy,joy,"It sounds like your sister is really looking out for you and wants to make sure you have the support you need during this difficult time. Talking to a therapist or counselor can be a great way to process your feelings more deeply and find healthy coping strategies. It’s understandable that you might have mixed feelings about this suggestion, but it can really help to have someone to talk to who understands what you’re going through. If you have any concerns about it or want to discuss it further, I’m here to listen.",2535,0.000426,93,0.9535715579986572,0.4168696403503418,0.7974095940589905,0.5061109066009521,0,0.06142626702785492,0.462863,0.267638,0.05429,0.316585,0.017272,0,0.7572881347991943,0.3571769842102051,0.5001617564353943,0.43030054396057127,0.0069088,0.03685576021671295
23,"I'm thinking about it. Part of me wants to talk to someone, but another part feels like I'd be admitting I can't handle this.",1️⃣,joy,sadness,joy,"It's completely normal to feel that way. Seeking support doesn’t mean you’re not handling things; it shows strength and a willingness to take care of yourself during a difficult time. Everyone needs support at various points in their lives, and talking to someone can really help you process your feelings and find your footing. It's a positive step towards self-care. Trust your instincts, and remember that you deserve to feel supported. How are you feeling about the idea now?",2749,0.000453,79,0.9622913002967834,0.8704485297203064,0.08521970361471176,0.48780301213264465,0,0.08344624191522598,0.155127,0.286472,0.152094,0.27358,0.0171,0,0.63942558017807,0.6368579178321838,0.11196942216882706,0.4021138072795868,0.006840000000000001,0.05006774514913559
23,"I'm thinking about it. Part of me wants to talk to someone, but another part feels like I'd be admitting I can't handle this.",2️⃣,joy,sadness,joy,"It’s completely understandable to feel that way. Wanting to reach out for help reflects strength, not weakness. It’s okay to have those conflicting feelings—part of you might want to talk through everything, while another part might worry about admitting how tough this is. Remember, seeking support is a sign of courage, and it can actually empower you to navigate your feelings more effectively. You don’t have to handle this all alone; it’s okay to let others in and lean on them. If you want to explore this further or talk about how you’re feeling, I’m here for you. You’re not alone in this.",3439,0.000573,103,0.9622913002967834,0.8704485297203064,0.08521970361471176,0.48780301213264465,0,0.08344624191522598,0.155127,0.286472,0.152094,0.27358,0.0171,0,0.63942558017807,0.6368579178321838,0.11196942216882706,0.4021138072795868,0.006840000000000001,0.05006774514913559
23,"I'm thinking about it. Part of me wants to talk to someone, but another part feels like I'd be admitting I can't handle this.",3️⃣,joy,sadness,joy,"It sounds like you’re feeling a mix of uncertainty and vulnerability. It’s completely understandable to feel hesitant about reaching out for extra support, as it can feel like admitting you’re struggling. However, seeking help doesn’t mean you can’t handle things—it can be a sign of strength and self-care. Talking to someone can provide you with tools and support to navigate this challenging time. If you want to explore those feelings further or talk about why you’re considering it, I’m here for you.",2669,0.000445,82,0.9622913002967834,0.8704485297203064,0.08521970361471176,0.48780301213264465,0,0.08344624191522598,0.155127,0.286472,0.152094,0.27358,0.0171,0,0.63942558017807,0.6368579178321838,0.11196942216882706,0.4021138072795868,0.006840000000000001,0.05006774514913559
24,"I'm trying to focus on the things I can control - eating healthy, exercising, sleeping well - it gives me a sense of agency.",1️⃣,joy,joy,joy,"That's such a positive approach! Focusing on what you can control is empowering, and taking care of yourself in those ways can have such a positive impact on your overall well-being. It’s great to hear you’re finding that sense of agency during this time. Keep nurturing those healthy habits—they can be uplifting and provide a sense of stability. What kinds of healthy meals or activities are you enjoying?",2863,0.000465,68,0.9986048340797424,0.42471733689308167,0.17008772492408752,0.15109741687774658,0,0.13962914049625397,0.914334,0.070279,0.028326,0.087391,0.008465,0,0.9648965004478455,0.282942002135849,0.11338303495445251,0.12561485012664794,0.003386,0.08377748429775238
24,"I'm trying to focus on the things I can control - eating healthy, exercising, sleeping well - it gives me a sense of agency.",2️⃣,joy,joy,joy,"It’s wonderful to hear that you’re focusing on the things you can control! Taking steps like eating healthy, exercising, and prioritizing sleep can be really empowering, especially during such a challenging time. It’s great that you’re finding ways to give yourself a sense of agency. Those positive actions not only benefit your physical health but can also uplift your mental well-being. Keep holding onto that sense of empowerment—it’s a strong reminder that you’re actively participating in your own care. If you want to share more about your journey or how these changes are making you feel, I’m here to listen and support you!",3597,0.000595,103,0.9986048340797424,0.42471733689308167,0.17008772492408752,0.15109741687774658,0,0.13962914049625397,0.914334,0.070279,0.028326,0.087391,0.008465,0,0.9648965004478455,0.282942002135849,0.11338303495445251,0.12561485012664794,0.003386,0.08377748429775238
24,"I'm trying to focus on the things I can control - eating healthy, exercising, sleeping well - it gives me a sense of agency.",3️⃣,joy,joy,joy,"It sounds like you’re finding a way to cope and regain a sense of control in a situation that feels uncertain. Focusing on aspects of your life that you can manage, like your health and routine, can be empowering and helpful during tough times. It’s great that you’re taking proactive steps for your well-being. If you’d like to share more about your routines or how you’re feeling while doing this, I’m here for you.",2793,0.000459,74,0.9986048340797424,0.42471733689308167,0.17008772492408752,0.15109741687774658,0,0.13962914049625397,0.914334,0.070279,0.028326,0.087391,0.008465,0,0.9648965004478455,0.282942002135849,0.11338303495445251,0.12561485012664794,0.003386,0.08377748429775238
25,I guess what I'm trying to do is hold onto hope while being realistic about the uncertainty. Some days are easier than others.,1️⃣,joy,joy,joy,That sounds like a really balanced approach. It’s wonderful that you’re holding onto hope while also facing reality—it shows resilience. It’s completely normal for some days to feel easier than others as you navigate this journey. Gratitude for those good days can help sustain you through the tougher ones. I'm here to support you through both the ups and downs. Is there anything in particular that gives you hope on those brighter days?,2980,0.000485,73,0.9982292056083679,0.33263570070266724,0.12857787311077118,0.2937784790992737,0,0.22817839682102203,0.604452,0.28604,0.014293,0.197172,0.015762,0,0.8407183233650207,0.3139974204216004,0.08286392386646271,0.2551358874595642,0.006304800000000001,0.1369070380926132
25,I guess what I'm trying to do is hold onto hope while being realistic about the uncertainty. Some days are easier than others.,2️⃣,joy,joy,joy,"It sounds like you’re navigating a delicate balance between hope and realism, and that’s such a brave approach. It's completely understandable that some days would feel more manageable than others—it's all part of this journey. Holding onto hope while acknowledging uncertainty shows your strength and resilience. It’s okay to experience the ups and downs; that’s a natural part of facing challenges like this. I’m here for you through this, and if you ever want to share more about what helps you stay hopeful, I’d love to hear it!",3735,0.000607,88,0.9982292056083679,0.33263570070266724,0.12857787311077118,0.2937784790992737,0,0.22817839682102203,0.604452,0.28604,0.014293,0.197172,0.015762,0,0.8407183233650207,0.3139974204216004,0.08286392386646271,0.2551358874595642,0.006304800000000001,0.1369070380926132
25,I guess what I'm trying to do is hold onto hope while being realistic about the uncertainty. Some days are easier than others.,3️⃣,joy,joy,joy,"It sounds like you’re navigating a challenging balance between hope and the practicality of uncertainty. It’s completely normal to have fluctuations in your emotions—some days will feel lighter, while others might be more difficult. Acknowledging both your hope and your concerns is a significant step. If you want to talk more about what helps you stay hopeful or about the tougher days, I’m here to listen.",2905,0.000471,66,0.9982292056083679,0.33263570070266724,0.12857787311077118,0.2937784790992737,0,0.22817839682102203,0.604452,0.28604,0.014293,0.197172,0.015762,0,0.8407183233650207,0.3139974204216004,0.08286392386646271,0.2551358874595642,0.006304800000000001,0.1369070380926132
